ds,y_actual,y_predicted,timesfm-q-0.1,timesfm-q-0.2,timesfm-q-0.3,timesfm-q-0.4,timesfm-q-0.5,timesfm-q-0.6,timesfm-q-0.7,timesfm-q-0.8,timesfm-q-0.9
2023-01-31,144.2899932861328,142.4136,137.62856,139.71564,140.95943,141.62082,142.4136,142.62553,143.17664,143.72528,145.02405
2023-02-01,145.42999267578125,143.73549,138.03867,140.50204,141.91353,142.76517,143.73549,144.06276,144.75943,145.57854,147.17555
2023-02-02,150.82000732421875,145.5656,141.94548,143.60432,144.45296,144.99501,145.5656,145.93799,146.54196,147.16908,148.49437
2023-02-03,154.5,149.61504,145.3301,147.15427,148.374,148.96352,149.61504,150.04492,150.77138,151.46097,152.9174
2023-02-06,151.72999572753906,154.58026,148.95609,151.56966,153.22112,153.95149,154.58026,154.92456,155.80008,156.744,158.27214
2023-02-07,154.64999389648438,152.0243,147.12173,149.36455,150.79057,151.27818,152.0243,152.22505,153.02785,153.67348,155.07893
2023-02-08,151.9199981689453,155.66168,149.88147,152.4238,153.90218,154.76657,155.66168,156.11502,157.15167,158.03706,160.09703
2023-02-09,150.8699951171875,151.94771,145.8151,148.52614,150.05357,150.90138,151.94771,152.2078,153.18771,154.03818,155.78458
2023-02-10,151.00999450683594,148.31186,143.46274,145.34367,146.53752,147.31221,148.31186,148.64014,149.36794,150.11586,151.73628
2023-02-13,153.85000610351562,149.36221,144.54637,146.38405,147.55524,148.3577,149.36221,149.78494,150.3164,151.16498,152.82219
2023-02-14,153.1999969482422,153.44247,148.07288,150.34087,151.59038,152.3188,153.44247,153.72983,154.45139,155.31894,156.9242
2023-02-15,155.3300018310547,153.11423,148.76534,150.65733,151.69922,152.31183,153.11423,153.41383,154.12346,154.89178,156.27919
2023-02-16,153.7100067138672,154.6451,150.82474,152.51093,153.48788,153.89229,154.6451,154.9613,155.34782,156.08762,157.22269
2023-02-17,152.5500030517578,154.41808,151.01472,152.61703,153.25179,153.74477,154.41808,154.69696,155.22176,155.7305,156.96281
2023-02-21,148.47999572753906,152.86504,149.14684,150.80016,151.83548,152.35458,152.86504,153.23625,153.55257,154.22046,155.08435
2023-02-22,148.91000366210938,147.91972,144.48593,145.76274,146.66605,147.24007,147.91972,148.40732,148.99316,149.77652,151.18837
2023-02-23,149.39999389648438,147.7069,144.85112,145.90706,146.69154,147.1871,147.7069,148.11504,148.51941,149.14021,150.18275
2023-02-24,146.7100067138672,148.29291,145.39511,146.45847,147.15585,147.75038,148.29291,148.81708,149.24924,149.94676,151.19826
2023-02-27,147.9199981689453,146.67001,144.49258,145.28284,145.80592,146.27995,146.67001,147.1192,147.451,148.03674,148.99753
2023-02-28,147.41000366210938,146.9292,144.68723,145.46036,146.00026,146.49324,146.9292,147.39784,147.8214,148.45065,149.5524
2023-03-01,145.30999755859375,147.0571,144.61288,145.50748,146.04973,146.59267,147.0571,147.58136,148.10829,148.73271,149.9552
2023-03-02,145.91000366210938,145.73125,143.67343,144.44586,144.93353,145.37946,145.73125,146.24777,146.79677,147.45294,148.60252
2023-03-03,151.02999877929688,146.15892,144.7516,145.27182,145.59886,145.90346,146.15892,146.61575,146.99397,147.55461,148.51544
2023-03-06,153.8300018310547,150.84982,148.33698,149.29265,149.84096,150.31078,150.84982,151.35394,152.01407,152.75754,154.12715
2023-03-07,151.60000610351562,153.3658,150.83954,151.8372,152.46268,152.87422,153.3658,153.8026,154.42094,155.11436,156.31569
2023-03-08,152.8699951171875,151.89435,149.69559,150.55363,151.12845,151.50192,151.89435,152.31047,152.83539,153.4651,154.52576
2023-03-09,150.58999633789062,152.9272,150.40489,151.36913,151.99269,152.47217,152.9272,153.39236,153.94283,154.63664,155.7774
2023-03-10,148.5,151.08122,148.67465,149.59036,150.1449,150.6288,151.08122,151.607,152.08765,152.77484,153.88097
2023-03-13,150.47000122070312,149.7802,147.20274,148.2333,148.78242,149.2888,149.7802,150.34947,150.86127,151.62706,152.85721
2023-03-14,152.58999633789062,150.69757,148.36118,149.23863,149.74292,150.19711,150.69757,151.15942,151.67563,152.34016,153.36786
2023-03-15,152.99000549316406,152.18413,149.78574,150.70027,151.22652,151.66899,152.18413,152.64899,153.17989,153.8223,154.79442
2023-03-16,155.85000610351562,152.79732,150.44933,151.33339,151.85948,152.3675,152.79732,153.25575,153.6839,154.28008,155.19641
2023-03-17,155.0,154.38129,151.32874,152.38326,153.1352,153.84343,154.38129,154.96527,155.56857,156.41411,157.76868
2023-03-20,157.39999389648438,154.00575,151.07738,152.18553,152.99539,153.52733,154.00575,154.54514,154.95567,155.75404,156.78786
2023-03-21,159.27999877929688,155.83842,152.06996,153.39044,154.35237,155.12697,155.83842,156.54648,157.29538,158.39526,160.1718
2023-03-22,157.8300018310547,157.7951,153.47856,155.08163,156.21494,157.03438,157.7951,158.46835,159.32358,160.49359,162.32149
2023-03-23,158.92999267578125,156.27196,152.82571,154.23474,155.0969,155.68985,156.27196,156.74623,157.21274,157.99329,159.12712
2023-03-24,160.25,157.19421,153.43417,154.8626,155.83495,156.49916,157.19421,157.76694,158.29082,159.1735,160.57532
2023-03-27,158.27999877929688,160.09564,156.1613,157.71753,158.69801,159.33615,160.09564,160.62105,161.06923,161.9418,163.21054
2023-03-28,157.64999389648438,157.91878,154.52249,155.87407,156.76031,157.25508,157.91878,158.4658,158.72333,159.5645,160.59189
2023-03-29,160.77000427246094,157.84639,154.6583,155.90074,156.74605,157.18091,157.84639,158.36502,158.5546,159.35426,160.31525
2023-03-30,162.36000061035156,160.86229,157.83057,159.0218,159.79135,160.27518,160.86229,161.4469,161.81935,162.58145,163.68051
2023-03-31,164.89999389648438,161.4283,158.49203,159.70293,160.44495,160.83014,161.4283,161.88895,162.29443,162.9361,163.94911
2023-04-03,166.1699981689453,163.80392,160.55469,161.71808,162.54884,163.22847,163.80392,164.281,164.72458,165.46265,166.70168
2023-04-04,165.6300048828125,165.67891,162.16408,163.437,164.2955,164.98332,165.67891,166.15941,166.59543,167.27902,168.66142
2023-04-05,163.75999450683594,164.08972,160.41226,161.76657,162.67564,163.33504,164.08972,164.56458,164.9521,165.55061,166.89262
2023-04-06,164.66000366210938,162.03152,157.97002,159.48375,160.4397,161.20952,162.03152,162.49164,162.96043,163.59694,165.04446
2023-04-10,162.02999877929688,163.9052,159.93771,161.6596,162.57149,163.18938,163.9052,164.22694,164.6559,165.2917,166.35725
2023-04-11,160.8000030517578,159.92986,156.10591,157.63217,158.46967,159.11415,159.92986,160.35947,160.73047,161.2986,162.6155
2023-04-12,160.10000610351562,159.63724,156.47778,157.7947,158.46837,158.93256,159.63724,159.99411,160.35126,160.83177,161.89188
2023-04-13,165.55999755859375,158.7983,156.08098,157.12154,157.70755,158.13788,158.7983,159.15643,159.42369,159.90193,160.90184
2023-04-14,165.2100067138672,165.10146,161.78072,163.16086,163.90913,164.42934,165.10146,165.54141,165.98364,166.60611,167.64868
2023-04-17,165.22999572753906,164.81836,162.04665,163.11432,163.84972,164.35977,164.81836,165.2819,165.64214,166.38084,167.28207
2023-04-18,166.47000122070312,164.71736,162.03816,163.0909,163.81297,164.31494,164.71736,165.15358,165.54485,166.26093,167.20691
2023-04-19,167.6300048828125,165.22061,162.10295,163.3453,164.0747,164.65323,165.22061,165.66013,166.14421,166.86919,168.01584
2023-04-20,166.64999389648438,166.8925,163.85551,165.08047,165.79326,166.34563,166.8925,167.2268,167.69812,168.30421,169.27303
2023-04-21,165.02000427246094,165.55725,162.51216,163.71512,164.42764,165.01164,165.55725,165.92348,166.38402,167.10007,168.15012
2023-04-24,165.3300018310547,163.43413,160.73259,161.73508,162.41554,162.9074,163.43413,163.85344,164.2657,164.94211,165.94745
2023-04-25,163.77000427246094,164.81645,162.48781,163.35852,163.9454,164.27884,164.81645,165.16147,165.4831,166.0711,166.87776
2023-04-26,163.75999450683594,163.83965,161.37236,162.26645,162.86226,163.30206,163.83965,164.3097,164.7113,165.32828,166.2041
2023-04-27,168.41000366210938,163.83586,161.71762,162.48955,162.98369,163.3822,163.83586,164.21303,164.60959,165.17046,165.91138
2023-04-28,169.67999267578125,168.70709,165.60027,166.6788,167.43808,168.03616,168.70709,169.30789,170.03252,170.95987,172.35823
2023-05-01,169.58999633789062,168.91158,166.00507,167.05386,167.76852,168.3389,168.91158,169.50444,170.14441,171.00375,172.2352
2023-05-02,168.5399932861328,168.86423,166.12468,167.17987,167.86644,168.38884,168.86423,169.35487,169.87503,170.59015,171.56987
2023-05-03,167.4499969482422,167.16002,164.56493,165.57251,166.18558,166.66048,167.16002,167.6226,168.06169,168.75569,169.6785
2023-05-04,165.7899932861328,166.66913,164.06421,165.09169,165.69823,166.18346,166.66913,167.1043,167.50562,168.19746,169.14813
2023-05-05,173.57000732421875,165.30367,162.69572,163.72658,164.36218,164.82954,165.30367,165.70946,166.13696,166.83168,167.74257
2023-05-08,173.5,170.89853,165.99016,167.71555,168.88739,169.87383,170.89853,171.78816,172.85812,174.26086,176.66928
2023-05-09,171.77000427246094,171.40498,167.1853,168.82137,169.84088,170.58505,171.40498,172.07437,172.88913,173.9793,175.7172
2023-05-10,173.55999755859375,171.20633,167.47798,168.99709,169.90947,170.57076,171.20633,171.92537,172.51028,173.49973,174.97217
2023-05-11,173.75,172.80238,169.00636,170.54002,171.4808,172.1054,172.80238,173.49477,174.08035,175.03734,176.43945
2023-05-12,172.57000732421875,173.10336,169.45332,170.90643,171.86272,172.48366,173.10336,173.7321,174.24594,175.16249,176.48703
2023-05-15,172.07000732421875,172.58176,169.34677,170.5491,171.42072,172.05724,172.58176,173.1312,173.7227,174.60161,175.82916
2023-05-16,172.07000732421875,172.20216,169.30142,170.40562,171.2734,171.71887,172.20216,172.63776,173.04643,173.82324,174.7279
2023-05-17,172.69000244140625,171.60022,169.18973,170.13945,170.80302,171.14671,171.60022,171.9608,172.19731,172.8238,173.52943
2023-05-18,175.0500030517578,172.30963,170.24696,171.15141,171.71567,172.00291,172.30963,172.61758,172.6964,173.24886,173.78745
2023-05-19,175.16000366210938,174.49799,171.87393,172.99594,173.73448,174.11446,174.49799,174.86327,174.97787,175.6305,176.33884
2023-05-22,174.1999969482422,174.39142,171.57042,172.7713,173.54927,173.91208,174.39142,174.82925,174.98631,175.66359,176.48752
2023-05-23,171.55999755859375,174.05676,171.6897,172.77785,173.41489,173.66722,174.05676,174.46495,174.60014,175.1038,175.80002
2023-05-24,171.83999633789062,171.60599,168.87445,170.00009,170.70035,171.12604,171.60599,172.11038,172.47685,173.12547,174.09698
2023-05-25,172.99000549316406,171.0996,168.47266,169.5455,170.19093,170.61125,171.0996,171.56775,172.01245,172.72806,173.70857
2023-05-26,175.42999267578125,172.59962,169.71342,170.88483,171.59206,172.04135,172.59962,173.10257,173.53256,174.26752,175.3013
2023-05-30,177.3000030517578,174.3407,171.61406,172.68362,173.33434,173.82799,174.3407,174.8213,175.2942,176.04999,177.1069
2023-05-31,177.25,175.66325,172.56395,173.78175,174.55775,175.09099,175.66325,176.17862,176.78098,177.61928,178.87556
2023-06-01,180.08999633789062,176.11636,173.63235,174.65785,175.29463,175.67624,176.11636,176.53458,176.93141,177.53265,178.38025
2023-06-02,180.9499969482422,180.24124,176.28621,177.82574,178.79474,179.51387,180.24124,180.88966,181.69809,182.73535,184.30498
2023-06-05,179.5800018310547,180.2925,176.86237,178.06598,178.94543,179.62274,180.2925,180.8006,181.58437,182.5785,184.29225
2023-06-06,179.2100067138672,179.09393,176.53822,177.538,178.1995,178.64122,179.09393,179.41635,179.85641,180.44984,181.32144
2023-06-07,177.82000732421875,178.89122,176.60059,177.52556,178.14487,178.5265,178.89122,179.19052,179.54572,180.11493,180.83537
2023-06-08,180.57000732421875,176.8259,174.61667,175.45271,176.05307,176.42908,176.8259,177.23624,177.57442,178.18558,178.9742
2023-06-09,180.9600067138672,180.11182,177.66344,178.58505,179.21686,179.65663,180.11182,180.51392,180.77943,181.37608,182.11815
2023-06-12,183.7899932861328,180.70244,177.9803,179.04889,179.78996,180.23698,180.70244,181.17926,181.40163,182.04721,182.82808
2023-06-13,183.30999755859375,184.09874,180.86227,182.16277,183.10869,183.59502,184.09874,184.62779,184.94315,185.69095,186.68648
2023-06-14,183.9499969482422,183.14075,180.23415,181.43442,182.23984,182.61081,183.14075,183.59218,183.8973,184.5228,185.40498
2023-06-15,186.00999450683594,183.66286,180.56004,181.8313,182.66228,183.10182,183.66286,184.16197,184.48795,185.1436,186.0397
2023-06-16,184.9199981689453,184.80363,180.8918,182.40892,183.35997,184.11089,184.80363,185.33586,185.8613,186.66995,188.15079
2023-06-20,185.00999450683594,184.48698,181.06241,182.35721,183.23306,183.90816,184.48698,184.8219,185.17174,185.70583,186.78714
2023-06-21,183.9600067138672,184.36989,180.83371,182.18698,183.03676,183.71228,184.36989,184.73685,185.16739,185.75366,186.88266
2023-06-22,187.0,182.6855,178.85211,180.38321,181.21,181.85594,182.6855,182.9535,183.47964,184.08147,185.38556
2023-06-23,186.67999267578125,186.48697,183.40941,184.71065,185.41019,185.84033,186.48697,186.78831,187.15038,187.82484,188.84245
2023-06-26,185.27000427246094,186.71683,183.72925,184.95789,185.73788,186.20886,186.71683,187.17572,187.52585,188.18051,189.02634
2023-06-27,188.05999755859375,185.37192,182.68304,183.79196,184.56923,184.90816,185.37192,185.79533,186.04395,186.65059,187.36116
2023-06-28,189.25,187.65067,184.51479,185.79605,186.64934,187.0924,187.65067,188.05696,188.5005,189.17502,190.13919
2023-06-29,189.58999633789062,188.46677,185.52902,186.77315,187.53006,187.95811,188.46677,188.95332,189.29672,189.93489,190.82607
2023-06-30,193.97000122070312,189.21228,185.63101,187.15488,187.99982,188.62495,189.21228,189.61191,190.09175,190.8481,191.94644
2023-07-03,192.4600067138672,192.76332,188.40508,189.9792,191.03397,191.86656,192.76332,193.38269,194.1462,195.12234,197.00479
2023-07-05,191.3300018310547,191.72226,187.87363,189.32677,190.22975,190.89052,191.72226,192.15309,192.64122,193.27611,194.72452
2023-07-06,191.80999755859375,189.7661,186.14864,187.55952,188.34679,188.97609,189.7661,190.17404,190.5805,191.15799,192.51613
2023-07-07,190.67999267578125,190.66035,186.46964,188.25017,189.21078,189.81787,190.66035,191.08463,191.54214,192.2755,193.64952
2023-07-10,188.61000061035156,190.52972,187.81918,188.79497,189.57768,190.02509,190.52972,190.87726,191.30147,192.01883,193.05257
2023-07-11,188.0800018310547,188.14957,185.74669,186.55614,187.2923,187.66489,188.14957,188.4888,188.92032,189.56529,190.5609
2023-07-12,189.77000427246094,187.37991,185.10323,185.85616,186.53206,186.89871,187.37991,187.71907,188.12274,188.7066,189.66687
2023-07-13,190.5399932861328,188.91371,186.45116,187.35411,188.00972,188.42767,188.91371,189.313,189.70918,190.26799,191.1262
2023-07-14,190.69000244140625,189.98842,187.47586,188.40042,189.03922,189.46956,189.98842,190.3642,190.7583,191.3191,192.2339
2023-07-17,193.99000549316406,190.7388,188.35376,189.24779,189.82025,190.28629,190.7388,191.09981,191.4864,192.0909,193.01044
2023-07-18,193.72999572753906,193.37958,190.05933,191.25351,192.0522,192.72351,193.37958,193.89592,194.50043,195.37329,196.83406
2023-07-19,195.10000610351562,193.27434,190.39487,191.52872,192.1654,192.67621,193.27434,193.57777,194.01337,194.58348,195.60599
2023-07-20,193.1300048828125,194.50076,191.43867,192.68028,193.39215,193.93222,194.50076,194.80487,195.29141,195.90855,196.9378
2023-07-21,191.94000244140625,191.20676,188.30688,189.37904,190.08017,190.64462,191.20676,191.64255,192.14622,192.86569,193.99077
2023-07-24,192.75,190.59814,188.13602,189.03209,189.633,190.13474,190.59814,191.01848,191.43321,192.13434,193.08002
2023-07-25,193.6199951171875,192.17528,189.73007,190.6078,191.19043,191.64967,192.17528,192.6241,193.03813,193.72836,194.64423
2023-07-26,194.5,193.3262,190.85686,191.75331,192.34404,192.76102,193.3262,193.75241,194.17734,194.83685,195.67169
2023-07-27,193.22000122070312,194.2115,192.0449,192.82701,193.35506,193.73654,194.2115,194.57011,194.98405,195.55475,196.37372
2023-07-28,195.8300018310547,193.19597,191.20616,191.88612,192.36935,192.74399,193.19597,193.60439,194.00073,194.53697,195.34692
2023-07-31,196.4499969482422,195.92462,193.76836,194.47935,194.99892,195.48366,195.92462,196.32025,196.73296,197.34514,198.30003
2023-08-01,195.61000061035156,195.9237,193.78883,194.57114,195.06725,195.53148,195.9237,196.29819,196.71588,197.27448,198.14748
2023-08-02,192.5800018310547,195.25412,193.16585,193.9568,194.44438,194.88412,195.25412,195.60435,195.96638,196.4962,197.33673
2023-08-03,191.1699981689453,192.74701,190.58466,191.3432,191.89815,192.32716,192.74701,193.15132,193.57246,194.18285,195.19838
2023-08-04,181.99000549316406,191.09456,189.05374,189.7731,190.32053,190.70773,191.09456,191.49742,191.89235,192.48238,193.44211
2023-08-07,178.85000610351562,182.1346,178.6593,179.85211,180.82439,181.46046,182.1346,182.52798,183.09149,183.86589,185.47337
2023-08-08,179.8000030517578,179.01953,176.61565,177.39565,178.23088,178.57394,179.01953,179.4163,179.61374,180.17305,181.48788
2023-08-09,178.19000244140625,180.5223,178.72708,179.18259,179.76724,180.04947,180.5223,180.78674,181.03659,181.46075,182.56055
2023-08-10,177.97000122070312,179.28844,177.0794,177.8441,178.46687,178.86407,179.28844,179.6782,179.99753,180.32373,181.79196
2023-08-11,177.7899932861328,178.73122,177.01991,177.71336,178.2703,178.53133,178.73122,179.05522,179.17868,179.35606,180.61588
2023-08-14,179.4600067138672,178.95018,176.60783,177.6178,178.2737,178.56021,178.95018,179.33154,179.5934,180.02264,181.62338
2023-08-15,177.4499969482422,182.26706,179.3905,180.71608,181.4878,181.83543,182.26706,182.66362,183.20732,184.0408,185.60294
2023-08-16,176.57000732421875,177.32858,174.64833,175.94128,176.79796,176.91196,177.32858,177.70683,178.24603,179.14409,180.71416
2023-08-17,174.0,175.16135,172.94684,174.0601,174.75084,174.90588,175.16135,175.57803,175.9477,176.90942,178.33478
2023-08-18,174.49000549316406,172.37119,169.95808,171.17828,171.86273,172.1346,172.37119,172.89635,173.29756,174.31131,175.7454
2023-08-21,175.83999633789062,175.14688,173.60655,174.36484,174.67786,174.87614,175.14688,175.54607,175.58261,176.07758,177.07898
2023-08-22,177.22999572753906,176.64285,174.59784,175.53235,175.98643,176.1639,176.64285,177.13762,177.34721,177.95326,179.20758
2023-08-23,181.1199951171875,178.19572,175.8909,176.88266,177.45918,177.62596,178.19572,178.70078,178.94498,179.66281,180.93855
2023-08-24,176.3800048828125,184.66814,181.63536,183.04123,183.73059,184.12903,184.66814,185.28668,185.5332,186.44376,187.66466
2023-08-25,178.61000061035156,178.4531,174.80234,176.27757,177.0747,177.70308,178.4531,179.10956,179.58406,180.65167,182.22585
2023-08-28,180.19000244140625,178.57977,175.2401,176.47244,177.16803,177.9094,178.57977,179.22629,179.82103,180.92392,182.786
2023-08-29,184.1199951171875,181.10866,177.5159,178.76991,179.47461,180.27647,181.10866,181.70453,182.42993,183.5553,185.49059
2023-08-30,187.64999389648438,184.99109,181.1152,182.57402,183.40689,184.23022,184.99109,185.70778,186.44241,187.69669,189.7558
2023-08-31,187.8699951171875,186.53874,182.33774,183.8815,184.82906,185.71126,186.53874,187.3137,188.10802,189.2752,191.42651
2023-09-01,189.4600067138672,186.52856,182.44293,183.97075,184.95155,185.69865,186.52856,187.19432,187.97299,189.06128,191.0009
2023-09-05,189.6999969482422,189.26912,184.83058,186.5123,187.72063,188.48041,189.26912,189.91054,190.63635,191.72327,193.53255
2023-09-06,182.91000366210938,190.23904,186.30858,187.7919,188.98204,189.64897,190.23904,190.64081,191.15508,192.11023,193.39618
2023-09-07,177.55999755859375,183.80336,180.35391,181.5805,182.63383,183.25137,183.80336,184.42426,184.96536,185.90608,187.3405
2023-09-08,178.17999267578125,177.55162,174.0898,175.31853,176.3529,176.95575,177.55162,178.26433,178.96465,180.15771,181.88698
2023-09-11,179.36000061035156,178.29543,175.1418,176.16483,176.97742,177.51367,178.29543,178.86807,179.42924,180.31664,181.75752
2023-09-12,176.3000030517578,179.96443,177.168,178.00584,178.73172,179.22308,179.96443,180.3379,180.83965,181.57541,182.87605
2023-09-13,174.2100067138672,176.9836,174.50381,175.2401,175.91017,176.3569,176.9836,177.4331,177.85951,178.71404,180.1629
2023-09-14,175.74000549316406,175.26015,173.15765,173.80687,174.38945,174.76585,175.26015,175.66402,176.18512,176.98322,178.36952
2023-09-15,175.00999450683594,175.63847,173.68713,174.25516,174.81427,175.14052,175.63847,176.01756,176.54237,177.16579,178.37326
2023-09-18,177.97000122070312,175.11404,173.2658,173.83525,174.42116,174.72461,175.11404,175.54625,176.20877,176.92572,178.13274
2023-09-19,179.07000732421875,176.89056,174.4468,175.28058,176.05453,176.498,176.89056,177.52469,178.2828,179.19215,180.52304
2023-09-20,175.49000549316406,178.47574,176.2309,177.09431,177.72562,178.0797,178.47574,179.03676,179.67188,180.48903,181.68484
2023-09-21,173.92999267578125,176.97926,174.47345,175.4338,176.08754,176.46051,176.97926,177.61018,178.33319,179.26259,180.6722
2023-09-22,174.7899932861328,175.2521,172.4411,173.57632,174.26086,174.64578,175.2521,175.95776,176.59671,177.54825,179.10727
2023-09-25,176.0800018310547,176.0461,173.6877,174.65143,175.1802,175.53703,176.0461,176.78085,177.22997,178.15388,179.6751
2023-09-26,171.9600067138672,177.80463,175.22205,176.22787,176.78847,177.17351,177.80463,178.49161,179.03558,179.94746,181.51671
2023-09-27,170.42999267578125,174.24036,171.41978,172.56747,173.17622,173.5838,174.24036,174.92421,175.6108,176.61063,178.03542
2023-09-28,170.69000244140625,170.8995,168.49504,169.53676,169.96877,170.30627,170.8995,171.28606,171.65434,172.45926,173.54747
2023-09-29,171.2100067138672,170.29224,168.32642,169.13089,169.42064,169.75134,170.29224,170.62534,170.8437,171.43404,172.46848
2023-10-02,173.75,171.768,169.66034,170.50984,170.81342,171.17824,171.768,172.22015,172.75989,173.5384,175.03842
2023-10-03,172.39999389648438,174.44595,171.69518,172.70244,173.17776,173.76814,174.44595,174.95197,175.68755,176.49474,178.26553
2023-10-04,173.66000366210938,173.12115,170.85187,171.69547,172.10567,172.53873,173.12115,173.60854,174.31485,175.05652,176.76494
2023-10-05,174.91000366210938,175.20572,172.27386,173.38628,173.92787,174.54555,175.20572,175.80104,176.5899,177.4806,179.3053
2023-10-06,177.49000549316406,175.70927,173.32921,174.23941,174.77243,175.20563,175.70927,176.17873,176.79707,177.53279,178.83134
2023-10-09,178.99000549316406,176.90031,174.69313,175.51682,176.05942,176.49248,176.90031,177.3366,177.90233,178.58092,179.72534
2023-10-10,178.38999938964844,178.07416,175.88092,176.72005,177.24783,177.70772,178.07416,178.50836,179.08939,179.76147,180.85263
2023-10-11,179.8000030517578,177.8733,175.69736,176.52495,177.02507,177.45422,177.8733,178.3051,178.78636,179.39055,180.35385
2023-10-12,180.7100067138672,178.51958,176.16403,177.04361,177.57457,178.03749,178.51958,178.93745,179.41838,180.06487,181.0611
2023-10-13,178.85000610351562,179.6131,177.40292,178.2574,178.79318,179.13354,179.6131,179.87947,180.2585,180.83153,181.49663
2023-10-16,178.72000122070312,179.59756,177.77586,178.45259,178.99615,179.3173,179.59756,179.8397,180.06061,180.53423,180.9601
2023-10-17,177.14999389648438,178.8298,176.86632,177.54297,178.05211,178.40367,178.8298,179.08821,179.39575,179.84312,180.327
2023-10-18,175.83999633789062,177.01762,174.89209,175.62383,176.14725,176.51016,177.01762,177.3807,177.77159,178.30383,178.93903
2023-10-19,175.4600067138672,175.64561,173.70058,174.34393,174.84781,175.19481,175.64561,175.94319,176.33916,176.81812,177.44183
2023-10-20,172.8800048828125,174.96744,173.30757,173.84027,174.24117,174.58821,174.96744,175.23311,175.53934,175.939,176.49542
2023-10-23,173.0,172.98978,171.32701,171.87367,172.21146,172.52106,172.98978,173.16219,173.43454,173.83885,174.42897
2023-10-24,173.44000244140625,173.22757,171.30844,171.97311,172.41331,172.79092,173.22757,173.48553,173.82283,174.34497,175.08293
2023-10-25,171.10000610351562,174.33002,172.40239,173.0951,173.56958,173.94258,174.33002,174.59697,174.92923,175.44485,176.2434
2023-10-26,166.88999938964844,171.27103,169.83374,170.27393,170.65886,170.95576,171.27103,171.42387,171.73601,172.17372,172.88997
2023-10-27,168.22000122070312,167.21037,165.54854,166.16626,166.5013,166.95113,167.21037,167.51057,167.77011,168.36429,169.22128
2023-10-30,170.2899932861328,168.71426,167.07942,167.73705,168.18707,168.42545,168.71426,169.06255,169.3731,169.86623,170.7147
2023-10-31,170.77000427246094,170.87155,168.94484,169.64406,170.09816,170.4407,170.87155,171.19449,171.60403,172.1479,173.02263
2023-11-01,173.97000122070312,171.46689,169.6453,170.37999,170.794,171.08186,171.46689,171.79703,172.13297,172.65225,173.3913
2023-11-02,177.57000732421875,175.35197,173.07838,173.90776,174.38171,174.8305,175.35197,175.69899,176.16994,176.69272,177.52031
2023-11-03,176.64999389648438,179.69893,177.19019,178.16455,178.71936,179.22223,179.69893,179.98122,180.48907,180.92497,181.7357
2023-11-06,179.22999572753906,178.08595,175.63383,176.72606,177.4137,177.67085,178.08595,178.42204,178.8212,179.3936,180.22774
2023-11-07,181.82000732421875,179.71622,177.09314,178.15201,178.85107,179.31052,179.71622,180.13205,180.61348,181.29721,182.2567
2023-11-08,182.88999938964844,181.15593,178.72964,179.6631,180.2791,180.73012,181.15593,181.47385,181.9246,182.58897,183.33704
2023-11-09,182.41000366210938,183.48738,180.9495,181.94977,182.6006,183.0138,183.48738,183.59703,184.02602,184.60098,185.1099
2023-11-10,186.39999389648438,182.60504,180.22714,181.08119,181.77507,182.12389,182.60504,182.70804,183.0217,183.535,183.91107
2023-11-13,184.8000030517578,185.70314,182.59097,183.788,184.70985,185.16647,185.70314,186.02007,186.38266,187.11092,187.79684
2023-11-14,187.44000244140625,185.40974,182.51549,183.58168,184.46967,184.95435,185.40974,185.76022,185.97025,186.59373,187.17711
2023-11-15,188.00999450683594,188.27306,185.04535,186.26149,187.26738,187.87378,188.27306,188.71152,189.0114,189.68971,190.42131
2023-11-16,189.7100067138672,188.39526,184.8181,186.3124,187.4066,187.96703,188.39526,188.89139,189.2093,190.00673,190.71257
2023-11-17,189.69000244140625,189.7085,185.91272,187.67966,188.8771,189.42032,189.7085,190.20145,190.513,191.3386,192.02731
2023-11-20,191.4499969482422,190.06027,186.29985,187.69533,188.66139,189.48468,190.06027,190.54547,190.76561,191.42154,192.44403
2023-11-21,190.63999938964844,191.10744,186.16234,188.18492,189.61661,190.40192,191.10744,191.54147,191.81122,192.6163,193.77907
2023-11-22,191.30999755859375,189.70671,184.70757,186.78937,188.34296,188.98483,189.70671,190.1559,190.44623,191.09009,192.35927
2023-11-24,189.97000122070312,191.62929,187.67862,189.65508,190.7196,191.33368,191.62929,191.74307,192.25905,192.82877,193.68063
2023-11-27,189.7899932861328,189.38918,186.16528,187.70374,188.55579,189.02304,189.38918,189.3568,190.15738,190.67432,191.59421
2023-11-28,190.39999389648438,188.48802,185.5207,186.97113,187.78711,187.98521,188.48802,188.68047,189.02608,189.57324,190.20712
2023-11-29,189.3699951171875,190.65036,188.14244,189.40288,189.95035,190.46426,190.65036,190.77281,191.40944,191.70241,192.39514
2023-11-30,189.9499969482422,189.00937,186.75684,187.87196,188.31126,188.52655,189.00937,189.254,189.51869,189.94511,190.64618
2023-12-01,191.24000549316406,189.42383,186.96489,188.19873,188.71458,189.01971,189.42383,189.69817,190.04195,190.507,191.32375
2023-12-04,189.42999267578125,190.93507,188.62917,189.68495,190.23659,190.49893,190.93507,191.02222,191.40166,191.84908,192.57219
2023-12-05,193.4199981689453,189.22174,186.67,187.84358,188.40118,188.74417,189.22174,189.44661,189.757,190.17474,190.99065
2023-12-06,192.32000732421875,192.90321,190.04205,191.31378,191.9862,192.39114,192.90321,193.07214,193.58336,194.16708,195.1044
2023-12-07,194.27000427246094,191.76033,188.39873,189.80128,190.5087,191.04234,191.76033,191.99742,192.49348,192.9568,194.12306
2023-12-08,195.7100067138672,193.88855,190.17981,191.71802,192.51167,193.17259,193.88855,194.08653,194.68727,195.27396,196.641
2023-12-11,193.17999267578125,193.8801,190.71085,191.91393,192.63495,193.20482,193.8801,194.292,194.741,195.46928,196.78285
2023-12-12,194.7100067138672,192.2875,189.51758,190.58249,191.22557,191.72748,192.2875,192.63713,193.00691,193.60663,194.70245
2023-12-13,197.9600067138672,193.86896,190.95192,192.11157,192.80157,193.33882,193.86896,194.34262,194.76553,195.45663,196.52257
2023-12-14,198.11000061035156,196.91367,193.35864,194.65648,195.534,196.2207,196.91367,197.4737,198.26715,199.31578,201.05437
2023-12-15,197.57000732421875,199.30763,195.78607,197.0975,198.08484,198.67455,199.30763,199.80745,200.61028,201.79364,203.44733
2023-12-18,195.88999938964844,196.91846,194.37001,195.23502,195.89902,196.39558,196.91846,197.34802,197.80031,198.41179,199.59438
2023-12-19,196.94000244140625,196.1032,193.66934,194.4493,195.0752,195.58331,196.1032,196.49638,196.94093,197.54102,198.67435
2023-12-20,194.8300018310547,196.72383,194.19225,195.06865,195.72551,196.22537,196.72383,197.1142,197.52913,198.11472,199.10388
2023-12-21,194.67999267578125,194.83177,192.32794,193.13115,193.81133,194.29832,194.83177,195.23021,195.69019,196.29471,197.31483
2023-12-22,193.60000610351562,194.53188,192.30235,193.06429,193.6503,194.08487,194.53188,194.85359,195.24309,195.78636,196.6594
2023-12-26,193.0500030517578,193.12971,190.96066,191.69452,192.24384,192.64577,193.12971,193.46904,193.90578,194.44528,195.34457
2023-12-27,193.14999389648438,192.97693,191.03862,191.71672,192.20528,192.57259,192.97693,193.2848,193.6306,194.06981,194.86296
2023-12-28,193.5800018310547,192.81906,191.09695,191.67157,192.13272,192.47049,192.81906,193.05304,193.33727,193.74686,194.46956
2023-12-29,192.52999877929688,193.20354,191.3281,192.00165,192.48541,192.82925,193.20354,193.475,193.8303,194.25465,195.03938
